,supermarket,category_lvl1_name,category_clean,category_final
0,biggie,Alimentos Especiales                    ,alimentos especiales,Almacén
1,biggie,Almacén                                ,almacen,Almacén
2,biggie,Asado                                   ,asado,Otros
3,biggie,Bebes                                   ,bebes,Bebes
4,biggie,Bebidas con Alcohol                     ,bebidas con alcohol,Bebidas
5,biggie,Bebidas sin Alcohol                     ,bebidas sin alcohol,Bebidas
6,biggie,Carniceria                              ,carniceria,Carnes
7,biggie,Chocolates y Golosinas                  ,chocolates y golosinas,Almacén
8,biggie,Congelados                              ,congelados,Congelados
9,biggie,Fiambreria                              ,fiambreria,Fiambres y Quesos
10,biggie,Frutería y Verdulería                 ,fruteria y verduleria,Frutas y Verduras
11,biggie,Heladeria y Confiteria                  ,heladeria y confiteria,Almacén
12,biggie,Higiene Personal                        ,higiene personal,Farmacia
13,biggie,Lácteos                                ,lacteos,Lácteos
14,biggie,Libreria                                ,libreria,Librería
15,biggie,Limpieza                                ,limpieza,Limpieza
16,biggie,Mascotas                                ,mascotas,Mascotas
17,biggie,Panaderia                               ,panaderia,Panadería
18,biggie,Snacks                                  ,snacks,Almacén
19,biggie,Varios                                  ,varios,Bazar
28,biggie,Condimentos                             ,condimentos,Almacén
70,biggie,,,
352,real,Rostiseria,rostiseria,Otros
921,biggie,FARMACIA                                ,farmacia,Farmacia
1127,real,Cuidado Personal,cuidado personal,Farmacia
1339,real,Cuidado del Bebé,cuidado del bebe,Bebes
1410,real,Cuidado del Hogar,cuidado del hogar,Limpieza
2325,real,Desactivados,desactivados,Otros
2537,real,Frutas y Verduras,frutas y verduras,Frutas y Verduras
2646,real,Bebidas,bebidas,Bebidas
2647,real,Almacén,almacen,Almacén
2648,real,Lácteos y Quesos,lacteos y quesos,Lácteos
2649,real,Saludables,saludables,Almacén
2650,real,Condimentos y Salsas,condimentos y salsas,Almacén
2652,real,Carniceria y Fiambreria,carniceria y fiambreria,Carnes
2653,real,Chocolates y Golosinas,chocolates y golosinas,Almacén
2654,real,Congelados,congelados,Congelados
2659,real,Desayuno y Merienda,desayuno y merienda,Almacén
2660,real,Mascotas,mascotas,Mascotas
2661,real,Panaderia y Confiteria,panaderia y confiteria,Panadería
2662,real,Pastas Frescas,pastas frescas,Pastas Frescas
2664,real,Snacks y Aperitivos,snacks y aperitivos,Almacén
2665,real,Carbones y Encendedores,carbones y encendedores,Otros
2666,real,Yerbas e infusiones,yerbas e infusiones,Almacén
2667,real,Bazar y Hogar,bazar y hogar,Bazar
2668,real,Informática y Electrónica,informatica y electronica,Otros
2758,real,Navideños,navidenos,Otros
5385,s6,Almacén,almacen,Almacén
5441,s6,Bazar,bazar,Bazar
5466,s6,Bebes,bebes,Bebes
5480,s6,Bebidas con Alcohol,bebidas con alcohol,Bebidas
5502,s6,Bebidas sin Alcohol,bebidas sin alcohol,Bebidas
5512,s6,Carnes,carnes,Carnes
5518,s6,Congelados,congelados,Congelados
5531,s6,Electrodomésticos,electrodomesticos,Electrodomésticos
5541,s6,Farmacia,farmacia,Farmacia
5545,s6,Fiambres y Quesos,fiambres y quesos,Fiambres y Quesos
5559,s6,Frutas/ Verduras/Huevos,frutas verduras huevos,Frutas y Verduras
5571,s6,Juguetería,jugueteria,Otros
5578,s6,Lácteos,lacteos,Lácteos
5593,s6,Librería,libreria,Librería
5602,casa_rica,HELADOS,helados,Almacén
5613,s6,Limpieza,limpieza,Limpieza
5632,s6,Mascotas y Hogar,mascotas y hogar,Mascotas
5658,s6,Panaderia,panaderia,Panadería
5671,s6,Pastas Frescas,pastas frescas,Pastas Frescas
5676,s6,Perfumeria,perfumeria,Farmacia
6458,casa_rica,ALMACEN,almacen,Almacén
37616,s6,Bebidas con alcohol,bebidas con alcohol,Bebidas
37667,s6,Bebés,bebes,Bebes
37681,s6,Bebidas sin alcohol,bebidas sin alcohol,Bebidas
37704,s6,Ferretería,ferreteria,
37724,s6,Fiambrería,fiambreria,
37734,s6,Frescos,frescos,
37751,s6,Hogar y bazar,hogar y bazar,
37790,s6,Juguetes y librería,juguetes y libreria,
37849,s6,Mascotas,mascotas,
37854,s6,Panadería,panaderia,Panadería
37871,s6,Pastas,pastas,
37883,s6,Perfumería,perfumeria,Farmacia
37927,s6,Repostería,reposteria,
44359,stock,Almacén,almacen,Almacén
44407,stock,Bazar,bazar,Bazar
44431,stock,Bebes,bebes,Bebes
44446,stock,Bebidas con Alcohol,bebidas con alcohol,Bebidas
44468,stock,Bebidas sin Alcohol,bebidas sin alcohol,Bebidas
44478,stock,Carnes,carnes,Carnes
44484,stock,Congelados,congelados,Congelados
44496,stock,Electrodomésticos,electrodomesticos,Electrodomésticos
44503,stock,Farmacia,farmacia,Farmacia
44507,stock,Fiambres y Quesos,fiambres y quesos,Fiambres y Quesos
44521,stock,Frutas/ Verduras/Huevos,frutas verduras huevos,Frutas y Verduras
44533,stock,Juguetería,jugueteria,Otros
44540,stock,Lácteos,lacteos,Lácteos
44555,stock,Librería,libreria,Librería
44574,stock,Limpieza,limpieza,Limpieza
44593,stock,Mascotas y Hogar,mascotas y hogar,Mascotas
44619,stock,Panaderia,panaderia,Panadería
44631,stock,Pastas Frescas,pastas frescas,Pastas Frescas
44636,stock,Perfumeria,perfumeria,Farmacia
103069,casa_rica,PROMOCIONES Y OFERTAS,promociones y ofertas,Otros
103094,casa_rica,ROTISERÍA,rotiseria,Otros
103101,casa_rica,BEBES,bebes,Bebes
103104,casa_rica,MASCOTAS,mascotas,Mascotas
103125,casa_rica,BEBIDAS CON ALCOHOL,bebidas con alcohol,Bebidas
103150,casa_rica,BEBIDAS SIN ALCOHOL,bebidas sin alcohol,Bebidas
103159,casa_rica,CARNICERIA,carniceria,Carnes
103167,casa_rica,CHOCOLATES Y GOLOSINAS,chocolates y golosinas,Almacén
103180,casa_rica,CONDIMENTOS-SALSAS,condimentos salsas,Almacén
103192,casa_rica,CONFITERIA,confiteria,Panadería
103200,casa_rica,CONGELADOS,congelados,Congelados
103210,casa_rica,CONSERVADOS,conservados,Almacén
103216,casa_rica,CUIDADO DEL HOGAR,cuidado del hogar,Limpieza
103241,casa_rica,CUIDADO PERSONAL,cuidado personal,Farmacia
103258,casa_rica,DESAYUNO,desayuno,Almacén
103270,casa_rica,SALUDABLES,saludables,Almacén
103284,casa_rica,FIAMBRERIA,fiambreria,Fiambres y Quesos
103299,casa_rica,LACTEOS,lacteos,Lácteos
103314,casa_rica,PANADERIA,panaderia,Panadería
103322,casa_rica,PASTAS FRESCAS,pastas frescas,Pastas Frescas
103331,casa_rica,QUESERIA,queseria,Fiambres y Quesos
103355,casa_rica,SNACKS,snacks,Almacén
103363,casa_rica,VERDULERIA-FRUTERIA,verduleria fruteria,Frutas y Verduras
